sys_util,NOFILTER,FILTER_90%,FILTER_99%,FILTER_99.9%
0.2,1.0,1.0,1.0,1.0
0.5,1.0,1.0,1.0,1.0
0.9,0.0,0.0,0.019999999999999997,0.019999999999999997
0.7000000000000001,0.99,0.99,0.99,0.99
0.1,1.0,1.0,1.0,1.0
0.30000000000000004,1.0,1.0,1.0,1.0
0.4,1.0,1.0,1.0,1.0
0.6,1.0,1.0,1.0,1.0
0.8,0.41818181818181815,0.5350649350649352,0.5480519480519478,0.5480519480519478
1.0,0.0,0.0,0.0,0.0
