sys_util,RTA_NORM,RTA_DELTA
0.30000000000000004,1.0,1.0
0.1,1.0,1.0
0.7000000000000001,1.0,1.0
0.2,1.0,1.0
0.9,0.8202247191011236,0.7790262172284645
0.6,1.0,1.0
0.5,1.0,1.0
0.8,1.0,1.0
0.4,1.0,1.0
1.0,0.029999999999999995,0.0
