sys_util,RTA_NORM,RTA_DELTA
0.8,1.0,0.08333333333333333
0.9,0.8578947368421052,0.0
1.0,0.019999999999999997,0.0
0.7000000000000001,1.0,0.4021447721179623
0.1,1.0,0.8641304347826085
0.4,1.0,0.7952755905511811
0.30000000000000004,1.0,0.7499999999999999
0.5,1.0,0.6835820895522383
0.2,1.0,0.8609625668449197
0.6,1.0,0.5549738219895287
