sys_util,RTA_NORM,RTA_DELTA
0.6,1.0,0.5259067357512952
0.2,1.0,0.8237885462555066
0.9,0.6686046511627907,0.0
0.1,1.0,0.85
0.8,1.0,0.039999999999999994
0.7000000000000001,1.0,0.35492957746478904
0.5,1.0,0.6815476190476191
0.4,1.0,0.8162393162393162
1.0,0.009999999999999998,0.0
0.30000000000000004,1.0,0.8117154811715481
