sys_util,RTA_NORM,RTA_DELTA
0.2,1.0,0.85
0.30000000000000004,1.0,0.7689530685920576
0.6,1.0,0.47668393782383417
0.8,0.94,0.0
0.7000000000000001,1.0,0.15270935960591128
0.4,1.0,0.7311475409836069
0.5,1.0,0.6628242074927957
1.0,0.0,0.0
0.9,0.1390374331550802,0.0
0.1,1.0,0.8860759493670886
