sys_util,RTA_NORM,RTA_DELTA
0.7000000000000001,1.0,0.2906250000000002
0.9,0.6487252124645889,0.0
0.1,1.0,0.8439024390243902
0.6,1.0,0.5725593667546169
1.0,0.0,0.0
0.4,1.0,0.7709090909090908
0.2,1.0,0.8288288288288288
0.5,1.0,0.6744868035190614
0.8,0.98,0.03999999999999998
0.30000000000000004,1.0,0.816239316239316
