sys_util,RTA_NORM,RTA_DELTA
0.7000000000000001,1.0,0.039999999999999994
0.5,1.0,0.6450704225352112
0.9,0.009999999999999998,0.0
0.1,1.0,0.8764705882352941
0.6,1.0,0.41489361702127653
0.30000000000000004,1.0,0.8209606986899562
1.0,0.0,0.0
0.2,1.0,0.8413461538461539
0.4,1.0,0.7335526315789476
0.8,0.8556701030927834,0.0
