sys_util,RTA_NORM,RTA_DELTA
0.4,1.0,0.7391304347826086
0.5,1.0,0.6158038147138964
0.7000000000000001,1.0,0.2357142857142857
0.1,1.0,0.8413461538461539
1.0,0.009999999999999998,0.0
0.6,1.0,0.5259067357512954
0.30000000000000004,1.0,0.7976190476190478
0.9,0.4424083769633508,0.0
0.8,1.0,0.0
0.2,1.0,0.84390243902439
