sys_util,RTA_NORM,RTA_DELTA
0.6,1.0,1.0
0.9,0.808955223880597,0.683582089552238
0.30000000000000004,1.0,1.0
0.4,1.0,1.0
0.7000000000000001,1.0,1.0
0.8,1.0,0.99
1.0,0.039999999999999994,0.0
0.1,1.0,1.0
0.5,1.0,1.0
0.2,1.0,1.0
