sys_util,RTA_NORM,RTA_DELTA
0.30000000000000004,1.0,0.8117154811715481
0.2,1.0,0.8578947368421053
0.1,1.0,0.8556701030927834
0.5,1.0,0.6396648044692735
1.0,0.009999999999999998,0.0
0.9,0.6253443526170798,0.0
0.8,1.0,0.009999999999999998
0.6,1.0,0.5767195767195763
0.7000000000000001,1.0,0.2788461538461539
0.4,1.0,0.6835820895522382
