sys_util,RTA_NORM,RTA_DELTA
0.9,0.2624584717607972,0.0
0.8,0.99,0.0
1.0,0.0,0.0
0.7000000000000001,1.0,0.15609756097560978
0.4,1.0,0.6939393939393939
0.5,1.0,0.6487252124645889
0.1,1.0,0.8388625592417062
0.30000000000000004,1.0,0.8
0.2,1.0,0.8237885462555066
0.6,1.0,0.4909560723514219
