sys_util,RTA_NORM,RTA_DELTA
0.2,1.0,0.8288288288288291
0.30000000000000004,1.0,0.8016194331983806
0.4,1.0,0.7790262172284645
0.7000000000000001,1.0,0.31845238095238126
0.6,1.0,0.5442708333333333
1.0,0.009999999999999998,0.0
0.1,1.0,0.852791878172589
0.9,0.7151898734177219,0.0
0.8,1.0,0.009999999999999998
0.5,1.0,0.6542857142857139
