sys_util,RTA_NORM,RTA_DELTA
0.9,0.27652733118971046,0.15434083601286186
0.8,0.9565217391304348,0.9217391304347826
0.7000000000000001,1.0,1.0
1.0,0.0,0.0
0.4,1.0,1.0
0.5,1.0,1.0
0.1,1.0,1.0
0.30000000000000004,1.0,1.0
0.2,1.0,1.0
0.6,1.0,1.0
