sys_util,RTA_NORM,RTA_DELTA
1.0,0.0,0.0
0.1,1.0,0.8472906403940885
0.7000000000000001,1.0,0.3666666666666664
0.2,1.0,0.8666666666666667
0.8,1.0,0.05999999999999999
0.4,1.0,0.8135593220338981
0.5,1.0,0.6784660766961658
0.9,0.7624113475177302,0.0
0.30000000000000004,1.0,0.7952755905511811
0.6,1.0,0.6236263736263736
