sys_util,RTA_NORM,RTA_DELTA
0.5,1.0,1.0
1.0,0.0,0.0
0.9,0.15865384615384628,0.13942307692307704
0.2,1.0,1.0
0.30000000000000004,1.0,1.0
0.6,1.0,1.0
0.1,1.0,1.0
0.8,0.99,0.99
0.7000000000000001,1.0,1.0
0.4,1.0,1.0
