sys_util,RTA_NORM,RTA_DELTA
0.7000000000000001,1.0,1.0
1.0,0.009999999999999998,0.0
0.5,1.0,1.0
0.8,0.9803921568627451,0.9313725490196079
0.30000000000000004,1.0,1.0
0.9,0.6171875000000001,0.4557291666666668
0.6,1.0,1.0
0.4,1.0,1.0
0.1,1.0,1.0
0.2,1.0,1.0
