sys_util,RTA_NORM,RTA_DELTA
1.0,0.0,0.0
0.5,1.0,0.6628242074927956
0.9,0.1908713692946058,0.0
0.2,1.0,0.8237885462555066
0.30000000000000004,1.0,0.7534722222222222
0.1,1.0,0.8527918781725888
0.6,1.0,0.4689119170984456
0.7000000000000001,1.0,0.12048192771084346
0.8,0.94,0.0
0.4,1.0,0.7391304347826086
