sys_util,RTA_NORM,RTA_DELTA
0.30000000000000004,1.0,0.8117154811715481
0.8,1.0,0.05999999999999999
1.0,0.029999999999999975,0.0
0.4,1.0,0.7474402730375426
0.1,1.0,0.8333333333333331
0.7000000000000001,1.0,0.4106666666666665
0.9,0.9217391304347826,0.0
0.6,1.0,0.580901856763926
0.5,1.0,0.7115987460815045
0.2,1.0,0.8209606986899564
