sys_util,RTA_NORM,RTA_DELTA
0.6,1.0,0.4675324675324675
0.30000000000000004,1.0,0.8310502283105026
0.1,1.0,0.8413461538461535
0.4,1.0,0.7211538461538461
1.0,0.0,0.0
0.8,0.99,0.0
0.5,1.0,0.6037735849056609
0.9,0.21153846153846154,0.0
0.7000000000000001,1.0,0.16666666666666674
0.2,1.0,0.8578947368421052
