sys_util,RTA_NORM,RTA_DELTA
0.4,1.0,0.7728937728937731
0.9,0.8117154811715482,0.0
0.6,1.0,0.5951742627345844
0.2,1.0,0.841346153846154
0.7000000000000001,1.0,0.4597402597402596
0.8,1.0,0.06862745098039216
1.0,0.05,0.0
0.30000000000000004,1.0,0.7884615384615384
0.5,1.0,0.689759036144578
0.1,1.0,0.8333333333333334
