sys_util,RTA_NORM,RTA_DELTA
0.4,1.0,0.6918429003021145
1.0,0.039999999999999994,0.0
0.7000000000000001,1.0,0.2465277777777778
0.9,0.7906976744186046,0.0
0.1,1.0,0.8333333333333334
0.5,1.0,0.6571428571428578
0.8,0.99,0.0
0.30000000000000004,1.0,0.7432432432432431
0.6,1.0,0.5116279069767441
0.2,1.0,0.825892857142857
