sys_util,RTA_NORM,RTA_DELTA
0.6,1.0,0.5350649350649352
0.9,0.7976190476190477,0.0
0.30000000000000004,1.0,0.7769516728624535
0.4,1.0,0.7234726688102896
0.7000000000000001,1.0,0.3390804597701148
0.8,1.0,0.02
1.0,0.09558823529411763,0.0
0.1,1.0,0.8364485981308412
0.5,1.0,0.62707182320442
0.2,1.0,0.876470588235294
