sys_util,RTA_NORM,RTA_DELTA
0.8,0.99,0.0
0.7000000000000001,1.0,0.24390243902439024
0.9,0.4490861618798956,0.0
0.5,1.0,0.6744868035190617
0.6,1.0,0.5710526315789477
0.30000000000000004,1.0,0.7840909090909093
0.4,1.0,0.7296416938110751
1.0,0.0,0.0
0.2,1.0,0.8364485981308412
0.1,1.0,0.8439024390243901
