sys_util,RTA_NORM,RTA_DELTA
1.0,0.009999999999999998,0.0
0.6,1.0,0.565789473684211
0.7000000000000001,1.0,0.2583892617449664
0.5,1.0,0.6571428571428568
0.1,1.0,0.8700564971751412
0.8,1.0,0.009999999999999998
0.2,1.0,0.8258928571428573
0.4,1.0,0.7560975609756093
0.9,0.7335526315789476,0.0
0.30000000000000004,1.0,0.7350993377483442
