sys_util,RTA_NORM,RTA_DELTA
0.9,0.23104693140794225,0.14801444043321305
0.8,0.9518072289156626,0.8795180722891566
0.7000000000000001,1.0,1.0
1.0,0.0,0.0
0.4,1.0,1.0
0.5,1.0,1.0
0.1,1.0,1.0
0.30000000000000004,1.0,1.0
0.2,1.0,1.0
0.6,1.0,1.0
