sys_util,RTA_NORM,RTA_DELTA
0.6,1.0,1.0
0.30000000000000004,1.0,1.0
0.1,1.0,1.0
0.4,1.0,1.0
1.0,0.0,0.0
0.8,0.99,0.98
0.5,1.0,1.0
0.7000000000000001,1.0,1.0
0.9,0.27508090614886727,0.11326860841423951
0.2,1.0,1.0
