sys_util,RTA_NORM,RTA_DELTA
0.2,1.0,0.8388625592417062
0.4,1.0,0.7037037037037035
0.5,1.0,0.7071651090342684
0.6,1.0,0.5602094240837696
0.1,1.0,0.8666666666666667
0.30000000000000004,1.0,0.7624113475177304
0.7000000000000001,1.0,0.2649006622516557
0.9,0.5376623376623381,0.0
0.8,0.99,0.029999999999999995
1.0,0.0,0.0
