sys_util,RTA_NORM,RTA_DELTA
0.4,1.0,0.7642857142857141
0.6,1.0,0.5575916230366493
0.8,1.0,0.019999999999999997
0.9,0.6647398843930635,0.0
0.30000000000000004,1.0,0.8258928571428571
1.0,0.0,0.0
0.5,1.0,0.7015384615384618
0.2,1.0,0.7976190476190477
0.1,1.0,0.8795180722891566
0.7000000000000001,1.0,0.26885245901639365
