sys_util,RTA_NORM,RTA_DELTA
0.6,1.0,0.5468749999999997
1.0,0.019999999999999997,0.0
0.2,1.0,0.8209606986899564
0.30000000000000004,1.0,0.7976190476190479
0.7000000000000001,1.0,0.2271062271062271
0.9,0.678466076696165,0.0
0.4,1.0,0.7391304347826086
0.8,1.0,0.05
0.1,1.0,0.896551724137931
0.5,1.0,0.6432584269662918
