sys_util,RTA_NORM,RTA_DELTA
0.4,1.0,0.7174603174603171
0.7000000000000001,1.0,0.3475783475783476
1.0,0.06862745098039216,0.0
0.30000000000000004,1.0,0.79296875
0.1,1.0,0.8472906403940886
0.6,1.0,0.56578947368421
0.5,1.0,0.6918429003021147
0.8,1.0,0.05999999999999995
0.2,1.0,0.8388625592417062
0.9,0.900709219858156,0.0
