sys_util,RTA_NORM,RTA_DELTA
0.8,1.0,0.009999999999999998
0.7000000000000001,1.0,0.26644736842105293
0.1,1.0,0.8700564971751411
0.2,1.0,0.841346153846154
0.6,1.0,0.4792746113989638
0.30000000000000004,1.0,0.7952755905511811
0.9,0.7272727272727274,0.0
0.4,1.0,0.729641693811075
1.0,0.03999999999999998,0.0
0.5,1.0,0.666666666666666
