sys_util,RTA_NORM,RTA_DELTA
0.30000000000000004,1.0,1.0
0.7000000000000001,1.0,1.0
0.5,1.0,1.0
0.4,1.0,1.0
1.0,0.11392405063291128,0.0
0.9,0.8969465648854962,0.7862595419847328
0.1,1.0,1.0
0.6,1.0,1.0
0.2,1.0,1.0
0.8,1.0,1.0
