sys_util,RTA_NORM,RTA_DELTA
0.2,1.0,0.8578947368421052
0.9,0.7457627118644067,0.0
0.8,1.0,0.019999999999999997
1.0,0.029999999999999975,0.0
0.6,1.0,0.568421052631579
0.7000000000000001,1.0,0.2583892617449662
0.30000000000000004,1.0,0.7769516728624537
0.4,1.0,0.7058823529411765
0.5,1.0,0.6705539358600584
0.1,1.0,0.8209606986899564
