sys_util,RTA_NORM,RTA_DELTA
0.1,1.0,0.85
0.30000000000000004,1.0,0.7432432432432432
1.0,0.039999999999999994,0.0
0.4,1.0,0.6939393939393941
0.9,0.7952755905511811,0.0
0.6,1.0,0.49870801033591716
0.5,1.0,0.6174863387978144
0.2,1.0,0.8364485981308409
0.7000000000000001,1.0,0.27035830618892537
0.8,0.99,0.0
