sys_util,RTA_NORM,RTA_DELTA
0.8,1.0,0.009999999999999998
0.5,1.0,0.6628242074927954
0.6,1.0,0.5994623655913979
0.4,1.0,0.7311475409836063
0.2,1.0,0.8795180722891565
0.30000000000000004,1.0,0.790697674418605
0.7000000000000001,1.0,0.3294460641399419
0.9,0.674486803519062,0.0
1.0,0.0,0.0
0.1,1.0,0.85
