sys_util,RTA_NORM,RTA_DELTA
0.1,1.0,0.8933333333333333
1.0,0.0,0.0
0.30000000000000004,1.0,0.8065843621399179
0.7000000000000001,1.0,0.20472440944881884
0.8,1.0,0.0
0.4,1.0,0.7517241379310344
0.5,1.0,0.6918429003021149
0.2,1.0,0.8310502283105022
0.6,1.0,0.5310880829015545
0.9,0.4464751958224543,0.0
