sys_util,RTA_NORM,RTA_DELTA
0.30000000000000004,1.0,0.8016194331983808
0.5,1.0,0.6542857142857146
0.4,1.0,0.7819548872180451
0.8,1.0,0.009999999999999998
0.1,1.0,0.8527918781725888
0.2,1.0,0.8040816326530614
0.6,1.0,0.5935828877005347
1.0,0.009999999999999998,0.0
0.7000000000000001,1.0,0.33333333333333337
0.9,0.7689530685920577,0.0
