sys_util,RTA_NORM,RTA_DELTA
0.9,0.8648648648648645,0.6876876876876877
1.0,0.09160305343511452,0.0
0.4,1.0,1.0
0.8,1.0,0.95
0.30000000000000004,1.0,1.0
0.6,1.0,1.0
0.7000000000000001,1.0,1.0
0.1,1.0,1.0
0.5,1.0,1.0
0.2,1.0,1.0
