sys_util,RTA_NORM,RTA_DELTA
1.0,0.2209737827715356,0.0
0.5,1.0,1.0
0.4,1.0,1.0
0.7000000000000001,1.0,1.0
0.30000000000000004,1.0,1.0
0.2,1.0,1.0
0.1,1.0,1.0
0.9,0.8749999999999998,0.6815476190476194
0.8,1.0,0.99
0.6,1.0,1.0
