sys_util,RTA_NORM,RTA_DELTA
0.2,1.0,0.8666666666666667
0.5,1.0,0.6960486322188449
0.9,0.3294460641399416,0.0
0.7000000000000001,1.0,0.26086956521739146
0.1,1.0,0.8609625668449198
0.30000000000000004,1.0,0.8333333333333335
0.4,1.0,0.757894736842105
0.6,1.0,0.5090439276485785
0.8,0.98,0.0
1.0,0.0,0.0
