sys_util,RTA_NORM,RTA_DELTA
0.7000000000000001,1.0,0.17117117117117125
0.8,0.95,0.0
0.2,1.0,0.8764705882352943
0.1,1.0,0.8413461538461537
0.5,1.0,0.6524216524216521
0.9,0.19838056680161945,0.0
0.4,1.0,0.7272727272727274
0.6,1.0,0.47150259067357514
1.0,0.0,0.0
0.30000000000000004,1.0,0.8333333333333334
