sys_util,RTA_NORM,RTA_DELTA
1.0,0.21374045801526717,0.0
0.5,1.0,0.6505681818181827
0.4,1.0,0.6815476190476192
0.7000000000000001,1.0,0.2688524590163934
0.30000000000000004,1.0,0.8065843621399177
0.2,1.0,0.8209606986899564
0.1,1.0,0.8472906403940886
0.9,0.8728323699421965,0.0
0.8,1.0,0.019999999999999997
0.6,1.0,0.5324675324675331
