sys_util,RTA_NORM,RTA_DELTA
0.1,1.0,0.8933333333333333
0.7000000000000001,1.0,0.2788461538461539
0.9,0.4248021108179419,0.0
1.0,0.0,0.0
0.8,0.98,0.009999999999999998
0.6,1.0,0.5575916230366488
0.4,1.0,0.7474402730375426
0.5,1.0,0.7015384615384617
0.2,1.0,0.8310502283105021
0.30000000000000004,1.0,0.8413461538461539
