sys_util,RTA_NORM,RTA_DELTA
0.9,0.8499999999999999,0.0
0.4,1.0,0.7188498402555905
0.30000000000000004,1.0,0.7661870503597122
0.1,1.0,0.8827160493827161
0.7000000000000001,1.0,0.4206349206349207
0.2,1.0,0.8258928571428571
0.8,1.0,0.06862745098039219
1.0,0.009999999999999998,0.0
0.5,1.0,0.6784660766961649
0.6,1.0,0.6350974930362112
