sys_util,RTA_NORM,RTA_DELTA
0.4,1.0,0.7578947368421055
0.30000000000000004,1.0,0.7391304347826084
0.1,1.0,0.8666666666666667
0.7000000000000001,1.0,0.2465277777777778
0.8,1.0,0.0
0.6,1.0,0.5442708333333337
0.9,0.5233160621761653,0.0
0.5,1.0,0.6333333333333336
1.0,0.0,0.0
0.2,1.0,0.8162393162393162
