sys_util,RTA_NORM,RTA_DELTA
0.9,0.5978552278820375,0.0
0.5,1.0,0.6939393939393939
0.7000000000000001,1.0,0.23381294964028787
0.8,1.0,0.0
1.0,0.0,0.0
0.30000000000000004,1.0,0.8040816326530611
0.1,1.0,0.85
0.6,1.0,0.5012919896640826
0.4,1.0,0.7500000000000001
0.2,1.0,0.8728323699421965
