sys_util,RTA_NORM,RTA_DELTA
0.30000000000000004,1.0,0.7790262172284644
0.1,1.0,0.8413461538461539
0.7000000000000001,1.0,0.02
1.0,0.0,0.0
0.6,1.0,0.42328042328042326
0.4,1.0,0.7129337539432176
0.5,1.0,0.6054054054054046
0.9,0.03999999999999998,0.0
0.8,0.8728323699421965,0.0
0.2,1.0,0.7790262172284645
