sys_util,RTA_NORM,RTA_DELTA
0.30000000000000004,1.0,0.8016194331983806
0.1,1.0,0.8896103896103896
0.7000000000000001,1.0,0.3164179104477611
0.2,1.0,0.900709219858156
0.9,0.7976190476190477,0.0
0.6,1.0,0.5710526315789481
0.5,1.0,0.6686046511627904
0.8,1.0,0.05
0.4,1.0,0.7311475409836068
1.0,0.009999999999999998,0.0
