sys_util,RTA_NORM,RTA_DELTA
0.2,1.0,0.8666666666666667
0.9,0.8728323699421964,0.0
0.4,1.0,0.762411347517731
0.1,1.0,0.8700564971751412
0.6,1.0,0.6070460704607049
0.8,1.0,0.06
0.30000000000000004,1.0,0.813559322033898
0.5,1.0,0.7071651090342675
1.0,0.019999999999999997,0.0
0.7000000000000001,1.0,0.4342105263157894
