sys_util,RTA_NORM,RTA_DELTA
0.9,0.8439024390243901,0.0
1.0,0.09929078014184398,0.0
0.4,1.0,0.7058823529411765
0.8,1.0,0.019999999999999997
0.30000000000000004,1.0,0.7661870503597122
0.6,1.0,0.4987080103359172
0.7000000000000001,1.0,0.2848101265822788
0.1,1.0,0.8827160493827161
0.5,1.0,0.6815476190476185
0.2,1.0,0.8258928571428571
