sys_util,RTA_NORM,RTA_DELTA
0.30000000000000004,1.0,0.7728937728937729
0.7000000000000001,1.0,0.39295392953929525
0.5,1.0,0.6590257879656158
1.0,0.0873015873015873,0.0
0.4,1.0,0.7474402730375427
0.9,0.9217391304347826,0.0
0.1,1.0,0.8641304347826086
0.6,1.0,0.5835543766578253
0.2,1.0,0.8578947368421053
0.8,1.0,0.039999999999999994
