sys_util,RTA_NORM,RTA_DELTA
0.7000000000000001,1.0,0.3371757925072043
0.2,1.0,0.8258928571428571
0.5,1.0,0.7071651090342675
0.6,1.0,0.553524804177546
0.4,1.0,0.7457627118644071
0.8,1.0,0.019999999999999997
0.9,0.6219178082191777,0.0
1.0,0.0,0.0
0.1,1.0,0.8666666666666667
0.30000000000000004,1.0,0.7952755905511809
