sys_util,RTA_NORM,RTA_DELTA
1.0,0.0,0.0
0.7000000000000001,1.0,0.20000000000000004
0.30000000000000004,1.0,0.8117154811715481
0.9,0.409090909090909,0.0
0.2,1.0,0.8472906403940886
0.1,1.0,0.8728323699421965
0.4,1.0,0.7862595419847328
0.8,0.96,0.0
0.6,1.0,0.5416666666666667
0.5,1.0,0.6414565826330532
