sys_util,RTA_NORM,RTA_DELTA
0.7000000000000001,1.0,0.21374045801526717
1.0,0.039999999999999994,0.0
0.5,1.0,0.633333333333334
0.8,1.0,0.009999999999999998
0.30000000000000004,1.0,0.7769516728624535
0.9,0.668604651162791,0.0
0.6,1.0,0.5193798449612398
0.4,1.0,0.6804733727810645
0.1,1.0,0.8413461538461537
0.2,1.0,0.79296875
