sys_util,RTA_NORM,RTA_DELTA
1.0,0.0,0.0
0.30000000000000004,1.0,0.816239316239316
0.1,1.0,0.8413461538461539
0.8,1.0,0.0
0.5,1.0,0.6505681818181814
0.6,1.0,0.5324675324675328
0.2,1.0,0.8827160493827161
0.4,1.0,0.7819548872180448
0.7000000000000001,1.0,0.29629629629629656
0.9,0.5657894736842111,0.0
