sys_util,RTA_NORM,RTA_DELTA
0.30000000000000004,1.0,0.7862595419847327
0.6,1.0,0.4792746113989637
0.2,1.0,0.841346153846154
0.7000000000000001,1.0,0.1689497716894977
0.9,0.12048192771084337,0.0
0.1,1.0,0.8439024390243903
0.5,1.0,0.697247706422018
1.0,0.0,0.0
0.8,0.99,0.0
0.4,1.0,0.7517241379310345
