sys_util,RTA_NORM,RTA_DELTA
0.8,1.0,0.009999999999999998
0.5,1.0,0.666666666666667
0.7000000000000001,1.0,0.26644736842105254
0.6,1.0,0.5167958656330746
1.0,0.07826086956521736,0.0
0.9,0.9166666666666666,0.0
0.4,1.0,0.75609756097561
0.1,1.0,0.8413461538461539
0.2,1.0,0.8333333333333334
0.30000000000000004,1.0,0.804081632653061
