sys_util,RTA_NORM,RTA_DELTA
0.2,1.0,1.0
0.4,1.0,1.0
0.9,0.8680203045685277,0.8527918781725888
0.1,1.0,1.0
0.6,1.0,1.0
0.8,1.0,1.0
0.30000000000000004,1.0,1.0
0.5,1.0,1.0
1.0,0.019999999999999997,0.0
0.7000000000000001,1.0,1.0
