sys_util,RTA_NORM,RTA_DELTA
0.2,1.0,0.8288288288288288
0.4,1.0,0.7790262172284644
0.8,1.0,0.01
0.1,1.0,0.8795180722891566
0.9,0.7174603174603176,0.0
0.30000000000000004,1.0,0.8040816326530612
1.0,0.0,0.0
0.5,1.0,0.6725146198830407
0.7000000000000001,1.0,0.26086956521739124
0.6,1.0,0.5442708333333331
