sys_util,RTA_NORM,RTA_DELTA
0.1,1.0,0.8364485981308412
0.30000000000000004,1.0,0.8016194331983806
0.5,1.0,0.664739884393063
0.7000000000000001,1.0,0.3143712574850298
0.4,1.0,0.7115987460815049
0.2,1.0,0.8527918781725888
0.9,0.5259067357512957,0.0
0.6,1.0,0.5284974093264247
0.8,1.0,0.009999999999999998
1.0,0.0,0.0
