sys_util,RTA_NORM,RTA_DELTA
1.0,0.15865384615384637,0.0
0.4,1.0,1.0
0.5,1.0,1.0
0.7000000000000001,1.0,1.0
0.30000000000000004,1.0,1.0
0.2,1.0,1.0
0.1,1.0,1.0
0.9,0.9093851132686084,0.7249190938511325
0.8,1.0,0.97
0.6,1.0,1.0
