sys_util,RTA_NORM,RTA_DELTA
0.2,1.0,1.0
0.4,1.0,1.0
0.8,1.0,0.99
0.1,1.0,1.0
0.9,0.715909090909091,0.6505681818181818
0.30000000000000004,1.0,1.0
1.0,0.0,0.0
0.5,1.0,1.0
0.6,1.0,1.0
0.7000000000000001,1.0,1.0
