sys_util,RTA_NORM,RTA_DELTA
0.6,1.0,0.5575916230366489
1.0,0.0,0.0
0.2,1.0,0.8189655172413796
0.1,1.0,0.8237885462555067
0.4,1.0,0.7416107382550339
0.9,0.8040816326530611,0.0
0.30000000000000004,1.0,0.7642857142857142
0.7000000000000001,1.0,0.36490250696378845
0.5,1.0,0.7174603174603174
0.8,1.0,0.039999999999999994
