sys_util,RTA_NORM,RTA_DELTA
0.30000000000000004,1.0,0.8209606986899564
0.1,1.0,0.9313725490196079
1.0,0.0,0.0
0.7000000000000001,1.0,0.31024096385542155
0.4,1.0,0.8000000000000002
0.9,0.5935828877005347,0.0
0.5,1.0,0.6705539358600584
0.8,0.99,0.019999999999999997
0.6,1.0,0.5416666666666673
0.2,1.0,0.8795180722891566
