sys_util,RTA_NORM,RTA_DELTA
0.6,1.0,0.5909090909090905
0.2,1.0,0.8091286307053943
0.1,1.0,0.8700564971751411
0.4,1.0,0.731147540983607
0.9,0.8135593220338986,0.0
0.8,1.0,0.04999999999999998
1.0,0.009999999999999998,0.0
0.7000000000000001,1.0,0.34943181818181807
0.5,1.0,0.7015384615384612
0.30000000000000004,1.0,0.8040816326530612
