sys_util,RTA_NORM,RTA_DELTA
0.4,1.0,0.7500000000000001
1.0,0.0,0.0
0.7000000000000001,1.0,0.17410714285714293
0.6,1.0,0.5012919896640831
0.2,1.0,0.8237885462555066
0.5,1.0,0.6315789473684211
0.1,1.0,0.8237885462555066
0.8,0.99,0.0
0.9,0.5616797900262467,0.0
0.30000000000000004,1.0,0.7474402730375425
