sys_util,RTA_NORM,RTA_DELTA
0.8,1.0,1.0
0.9,0.8558558558558559,0.8288288288288289
1.0,0.029999999999999975,0.0
0.7000000000000001,1.0,1.0
0.1,1.0,1.0
0.4,1.0,1.0
0.30000000000000004,1.0,1.0
0.5,1.0,1.0
0.2,1.0,1.0
0.6,1.0,1.0
